finished,responseid,q0,q1,q1_9_text,q10,q10_5_text,q11_1,q12,q121,q121_1_text,e1,e1_2_text,e2,e21,e21_1_text,e21_2_text,e21_3_text,e21_4_text,e21_6_text,e21_7_text,e21_8_text,e3,e3_4_text,e4,d1,d2,d2_4_text,d3,d3_18_text,d3_12_text,d4,d4_1_text,d5,d5_1_text,d6,d6_1_text
True,R_2EATNPZ9QKaheCc,Yes,Plastic waste,,Self,,Extremely satisfied,No,,,No,,I would be willing to contribute my time,,,,,,,,,Once a week,,Yes,Nkhono,Owner,,Small shops and markets,,,Please enter amount as a number,1,Please enter amount as a number,1,Please enter amount as a number in MWK,50000
True,R_rjySC4gTqiMuXEl,Yes,Plastic waste,,Self,,Somewhat dissatisfied,No,,,No,,I would be willing to contribute my time,,,,,,,,,Every day,,Yes,Muonda,Owner,,Electronic repair centers,,,Please enter amount as a number,1,Please enter amount as a number,1,Please enter amount as a number in MWK,20000
True,R_XHb034nejDo6AMx,Yes,Paper and Cardboard waste,,Self,,Somewhat satisfied,No,,,No,,I would be willing to contribute my time,,,,,,,,,Bi-weekly /twice a week,,Yes,Muonda,Owner,,Small shops and markets,,,Please enter amount as a number,1,Please enter amount as a number,5,Please enter amount as a number in MWK,40000
True,R_1GT9vWeYwv0a77l,Yes,Plastic waste,,Cleaning lady,,Extremely satisfied,No,,,No,,I would be willing to contribute my time,,,,,,,,,Every day,,Yes,Katukumala,Employee,,Small shops and markets,,,Please enter amount as a number,1,Please enter amount as a number,1,Please enter amount as a number in MWK,8000
True,R_20MCque2ivDVYIp,Yes,Paper and Cardboard waste,,Other (please specify):,Students and employed cleaners ,Somewhat satisfied,No,,,Yes (please indicate which recycled materials they use):,Blackboards,I would be willing to contribute my time,,,,,,,,,Every day,,Yes,Chembe,Other (please specify):,Headmaster ,Education ,,,Please enter amount as a number,22,Please enter amount as a number,23,Prefer not to say / don't know,
True,R_TiTMgtKbqaa7517,Yes,Paper and Cardboard waste,,Another employee,,Extremely satisfied,No,,,No,,I do not want do engage in solid waste management,,,,,,,,,Once a week,,Yes,Nkhono,Employee,,Small shops and markets,,,Please enter amount as a number,1,Please enter amount as a number,8,Prefer not to say / don't know,
True,R_23dVnXBmihJTkWl,Yes,Plastic waste,,Another employee,,Extremely dissatisfied,No,,,No,,I would be willing to contribute my time,,,,,,,,,Every day,,Yes,Muonda,Owner,,Small shops and markets,,,Please enter amount as a number,1,Please enter amount as a number,5,Please enter amount as a number in MWK,30000
True,R_RWzrg7g6FPko1Wh,Yes,Plastic waste,,Self,,Somewhat dissatisfied,No,,,No,,I would be willing to contribute my time,,,,,,,,,Every day,,Yes,Muonda,Owner,,Agriculture,,,Please enter amount as a number,1,Please enter amount as a number,1,Please enter amount as a number in MWK,10000
True,R_2P6d9LXmBsMAFLO,Yes,Plastic waste,,Self,,Extremely satisfied,No,,,No,,I would be willing to contribute my time,,,,,,,,,Other (please specify):,3days a week,Yes,Muonda,Owner,,Small shops and markets,,,Please enter amount as a number,1,Please enter amount as a number,1,Please enter amount as a number in MWK,9000
True,R_2zBhbolIbPMfFFs,Yes,Plastic waste,,Self,,Extremely satisfied,No,,,Yes (please indicate which recycled materials they use):,Necklaces ,I would be willing to contribute my time,,,,,,,,,Bi-weekly /twice a week,,Yes,Katukumala,Owner,,Small shops and markets,,,Please enter amount as a number,1,Please enter amount as a number,4,Please enter amount as a number in MWK,80000
True,R_3MMbh698joLymsN,Yes,Paper and Cardboard waste,,Other (please specify):,Leaners ,Extremely dissatisfied,No,,,Yes (please indicate which recycled materials they use):,Plastics that are used in the institution are recycled in factory ,I would be willing to contribute my time,,,,,,,,,Every day,,Yes,Katukumala,Employee,,Education ,,,Please enter amount as a number,7,Please enter amount as a number,16,Prefer not to say / don't know,
True,R_2YFGT0fWh7W8XXA,Yes,Plastic waste,,Other (please specify):,My brother in law ,Extremely satisfied,No,,,No,,I would be willing to contribute my time,,,,,,,,,Once a week,,Yes,Katukumala,Owner,,ICT centers,,,Please enter amount as a number,1,Please enter amount as a number,2,Please enter amount as a number in MWK,4000
True,R_12xVef2l6o5mWph,Yes,Paper and Cardboard waste,,Self,,Extremely satisfied,No,,,Yes (please indicate which recycled materials they use):,Clothing materials ,I would be willing to contribute my time,,,,,,,,,Bi-weekly /twice a week,,Yes,Nkhono,Owner,,Other (please specify):,,Cloth seller ,Please enter amount as a number,1,Please enter amount as a number,2,Please enter amount as a number in MWK,6000
True,R_BMlvjLby9xP1Xq1,Yes,Plastic waste,,Self,,Somewhat dissatisfied,No,,,No,,I would be willing to contribute my time,,,,,,,,,Every day,,Yes,Muonda,Owner,,Small shops and markets,,,Please enter amount as a number,2,Please enter amount as a number,2,Please enter amount as a number in MWK,4000
True,R_2RPP51Pdvo0MBZW,Yes,Metal waste,,Self,,Somewhat satisfied,No,,,No,,I would be willing to contribute my time,,,,,,,,,Bi-weekly /twice a week,,Yes,Chembe,Owner,,Other (please specify):,,Photo studio,Please enter amount as a number,1,Please enter amount as a number,2,Please enter amount as a number in MWK,15000
True,R_2S8EXWYge3E6gcM,Yes,Metal waste,,Self,,Extremely satisfied,No,,,No,,I would be willing to contribute my time,,,,,,,,,Other (please specify):,Once a month ,Yes,Katukumala,Owner,,Electronic repair centers,,,Please enter amount as a number,1,Please enter amount as a number,1,Please enter amount as a number in MWK,10000
True,R_31cvHtFPDHKSrqN,Yes,Plastic waste,,Self,,Extremely satisfied,No,,,No,,I would be willing to contribute my time,,,,,,,,,Bi-weekly /twice a week,,Yes,Nkhono,Owner,,Small shops and markets,,,Please enter amount as a number,1,Please enter amount as a number,1,Please enter amount as a number in MWK,17000
True,R_3g78WnRqLweHonX,Yes,Plastic waste,,Self,,Extremely dissatisfied,No,,,Yes (please indicate which recycled materials they use):,"Bracelets,  carvings ",I would be willing to contribute my time,,,,,,,,,Other (please specify):,Quatery a year ,Yes,Nkhono,Other (please specify):,Souvenir trader ,Crafts and souvenirs,,,Please enter amount as a number,1,Please enter amount as a number,7,Please enter amount as a number in MWK,300000
True,R_qW0a9dhauky8EZX,Yes,Plastic waste,,Self,,Extremely satisfied,No,,,No,,I would be willing to pay a fee,Fixed fee per month,,2000,,,,,,Bi-weekly /twice a week,,Yes,Katukumala,Owner,,Small shops and markets,,,Please enter amount as a number,1,Please enter amount as a number,2,Please enter amount as a number in MWK,70000
True,R_3esnDrMQjQvRBJN,Yes,Paper and Cardboard waste,,Cleaning lady,,Neither satisfied nor dissatisfied,No,,,No,,I would be willing to contribute my time,,,,,,,,,Bi-weekly /twice a week,,Yes,Nkhono,Owner,,Fishing and fish sales,,,Please enter amount as a number,1,Please enter amount as a number,2,Please enter amount as a number in MWK,3000
True,R_2TvkaCufDnXG7f8,Yes,Plastic waste,,Self,,Somewhat dissatisfied,No,,,No,,I would be willing to contribute my time,,,,,,,,,Once a week,,Yes,Chembe,Owner,,Small shops and markets,,,Please enter amount as a number,1,Please enter amount as a number,2,Please enter amount as a number in MWK,4000
True,R_3j9kis8ujsXadjw,Yes,Metal waste,,Self,,Extremely satisfied,No,,,No,,I would be willing to contribute the time of another empleyee,,,,,,,,,Once a week,,Yes,Nkhono,Owner,,Small shops and markets,,,Please enter amount as a number,1,Please enter amount as a number,1,Please enter amount as a number in MWK,40000
True,R_3ha8EvXnZNYkf79,Yes,Plastic waste,,Self,,Somewhat dissatisfied,No,,,No,,I would be willing to contribute my time,,,,,,,,,Every day,,Yes,Muonda,Owner,,Small shops and markets,,,Please enter amount as a number,2,Please enter amount as a number,5,Please enter amount as a number in MWK,20000
True,R_3qNVI7nroqhcuqs,Yes,Plastic waste,,Self,,Extremely satisfied,No,,,No,,I would be willing to contribute my time,,,,,,,,,Bi-weekly /twice a week,,Yes,Katukumala,Owner,,Small shops and markets,,,Please enter amount as a number,1,Please enter amount as a number,2,Please enter amount as a number in MWK,50000
True,R_2azeGMMVheD30Yh,Yes,Plastic waste,,Self,,Extremely satisfied,No,,,Yes (please indicate which recycled materials they use):,Use cartoons for ordering goods ,I would be willing to contribute the time of another empleyee,,,,,,,,,Once a week,,Yes,Nkhono,Owner,,Small shops and markets,,,Please enter amount as a number,4,Please enter amount as a number,3,Prefer not to say / don't know,
True,R_2PBFjFBFuucMVP2,Yes,Plastic waste,,Self,,Somewhat dissatisfied,No,,,No,,I would be willing to contribute my time,,,,,,,,,Bi-weekly /twice a week,,Yes,Madothi,Owner,,Small shops and markets,,,Please enter amount as a number,2,Please enter amount as a number,2,Please enter amount as a number in MWK,7000
True,R_1PZW1fzVNW1Nrjc,Yes,Plastic waste,,Self,,Somewhat dissatisfied,No,,,No,,I would be willing to contribute my time,,,,,,,,,Once a week,,Yes,Chembe,Owner,,Small shops and markets,,,Please enter amount as a number,1,Please enter amount as a number,1,Please enter amount as a number in MWK,5000
True,R_xyi3ePUGN1U2X05,Yes,Plastic waste,,Self,,Somewhat dissatisfied,No,,,No,,I would be willing to contribute my time,,,,,,,,,Once a week,,Yes,Muonda,Owner,,Small shops and markets,,,Please enter amount as a number,1,Please enter amount as a number,4,Please enter amount as a number in MWK,19000
True,R_AntZ6nAGbscPt2F,Yes,Food waste ,,Self,,Extremely satisfied,No,,,No,,I would be willing to contribute my time,,,,,,,,,Bi-weekly /twice a week,,Yes,Nkhono,Owner,,Restaurants and food stalls,,,Please enter amount as a number,2,Please enter amount as a number,2,Prefer not to say / don't know,
True,R_1MMRTfs8ZmAf0ZB,Yes,Plastic waste,,Self,,Extremely satisfied,No,,,No,,I would be willing to contribute my time,,,,,,,,,Every day,,Yes,Katukumala,Owner,,Small shops and markets,,,Please enter amount as a number,1,Please enter amount as a number,2,Please enter amount as a number in MWK,80000
True,R_21HBCIQDou9gfPf,Yes,Food waste ,,Self,,Extremely satisfied,No,,,No,,I would be willing to contribute my time,,,,,,,,,Every day,,Yes,Katukumala,Owner,,Small shops and markets,,,Please enter amount as a number,2,Please enter amount as a number,2,Please enter amount as a number in MWK,30000
True,R_1JIRl1cquTRMtCY,Yes,Paper and Cardboard waste,,Self,,Extremely satisfied,No,,,No,,I would be willing to contribute my time,,,,,,,,,Bi-weekly /twice a week,,Yes,Katukumala,Owner,,ICT centers,,,Please enter amount as a number,1,Please enter amount as a number,2,Please enter amount as a number in MWK,5000
True,R_1dEuKT0XNAsaQk4,Yes,Food waste ,,Self,,Somewhat dissatisfied,No,,,No,,I would be willing to contribute my time,,,,,,,,,Once a week,,Yes,Chembe,Owner,,Fishing and fish sales,,,Please enter amount as a number,1,Please enter amount as a number,3,Please enter amount as a number in MWK,25000
True,R_1WYACFcCReR4cYp,Yes,Other (please specify):,Chemicals ,Another employee,,Extremely satisfied,No,,,No,,I would be willing to contribute the time of another empleyee,,,,,,,,,Bi-weekly /twice a week,,Yes,Nkhono,Employee,,Transportation services,,,Please enter amount as a number,2,Please enter amount as a number,8,Prefer not to say / don't know,
True,R_1ozCyQlL8y9U3HW,Yes,Food waste ,,Self,,Extremely satisfied,No,,,No,,I would be willing to pay a fee,Fixed fee per week ,500,,,,,,,Once a week,,Yes,Katukumala,Owner,,Small shops and markets,,,Please enter amount as a number,1,Please enter amount as a number,3,Please enter amount as a number in MWK,18000
True,R_1nTl3nY8LM9rUQi,Yes,Plastic waste,,Self,,Extremely dissatisfied,No,,,No,,I would be willing to contribute my time,,,,,,,,,Bi-weekly /twice a week,,Yes,Muonda,Owner,,Small shops and markets,,,Please enter amount as a number,3,Please enter amount as a number,4,Please enter amount as a number in MWK,100000
True,R_12JupIOvVZQPO8m,Yes,Plastic waste,,Self,,Extremely dissatisfied,Yes,Please indicate the amount in MWK:,1000,No,,I would be willing to contribute my time,,,,,,,,,Bi-weekly /twice a week,,Yes,Muonda,Owner,,Small shops and markets,,,Please enter amount as a number,1,Please enter amount as a number,3,Please enter amount as a number in MWK,45000
True,R_31sIqW71wgyXCMP,Yes,Plastic waste,,Self,,Somewhat dissatisfied,No,,,No,,I would be willing to contribute my time,,,,,,,,,Once a week,,Yes,Chembe,Owner,,ICT centers,,,Please enter amount as a number,1,Please enter amount as a number,2,Please enter amount as a number in MWK,15000
True,R_1OJLxO1N0X8Wmdv,Yes,Plastic waste,,Self,,Somewhat dissatisfied,No,,,No,,I would be willing to contribute my time,,,,,,,,,Bi-weekly /twice a week,,Yes,Chembe,Owner,,Small shops and markets,,,Please enter amount as a number,1,Please enter amount as a number,2,Please enter amount as a number in MWK,10000
True,R_2CdY95EZrs3BnP8,Yes,Plastic waste,,Self,,Somewhat satisfied,No,,,Yes (please indicate which recycled materials they use):,boxes ,I would be willing to contribute my time,,,,,,,,,Every day,,Yes,Nkhono,Owner,,Restaurants and food stalls,,,Please enter amount as a number,1,Please enter amount as a number,3,Please enter amount as a number in MWK,50000
True,R_1r7jr6at8nrdGIZ,Yes,Metal waste,,Self,,Somewhat satisfied,No,,,Yes (please indicate which recycled materials they use):,Metals ,I do not want do engage in solid waste management,,,,,,,,,Bi-weekly /twice a week,,Yes,Madothi,Employee,,"Craftsman shops, e.g. carpenter, mechanic, blacksmith, mason, etc. (please specify):",Blacksmith ,,Please enter amount as a number,1,Please enter amount as a number,3,Please enter amount as a number in MWK,30000
True,R_3fJHfIYHYw9LQvV,Yes,Other (please specify):,Textiles ,Self,,Somewhat satisfied,No,,,Yes (please indicate which recycled materials they use):,Empty bottles. Textiles. Empty sacks,I would be willing to contribute my time,,,,,,,,,Bi-weekly /twice a week,,Yes,Nkhono,Owner,,Lodging and tourism ,,,Please enter amount as a number,2,Please enter amount as a number,2,Please enter amount as a number in MWK,500000
True,R_3lFHPPMPwmDJnRV,Yes,Plastic waste,,Self,,Extremely dissatisfied,No,,,No,,I would be willing to contribute my time,,,,,,,,,Every day,,Yes,Muonda,Owner,,Barber shops,,,Please enter amount as a number,1,Please enter amount as a number,1,Please enter amount as a number in MWK,5000
True,R_2S13IMRfkDz3SmS,Yes,Plastic waste,,Self,,Somewhat dissatisfied,No,,,No,,I would be willing to contribute my time,,,,,,,,,Every day,,Yes,Nkhono,Owner,,Small shops and markets,,,Please enter amount as a number,3,Please enter amount as a number,1,Please enter amount as a number in MWK,30000
True,R_2WCErW8bnbR2gZC,Yes,Plastic waste,,Another employee,,Somewhat dissatisfied,No,,,No,,I would be willing to contribute my time,,,,,,,,,Once a week,,Yes,Katukumala,Owner,,Small shops and markets,,,Please enter amount as a number,1,Please enter amount as a number,2,Please enter amount as a number in MWK,30000
True,R_Cf7uyws0GBIn4LD,Yes,Plastic waste,,Self,,Somewhat satisfied,No,,,No,,I would be willing to contribute my time,,,,,,,,,Every day,,Yes,Nkhono,Owner,,Small shops and markets,,,Please enter amount as a number,1,Please enter amount as a number,1,Prefer not to say / don't know,
True,R_tLr0wth8ZLoairv,Yes,Plastic waste,,Self,,Extremely dissatisfied,No,,,No,,I would be willing to contribute my time,,,,,,,,,Once a week,,Yes,Muonda,Owner,,Barber shops,,,Please enter amount as a number,1,Please enter amount as a number,3,Please enter amount as a number in MWK,3000
True,R_1diSOd5QbbPpP4Y,Yes,Food waste ,,Self,,Somewhat satisfied,No,,,No,,I do not want do engage in solid waste management,,,,,,,,,Bi-weekly /twice a week,,Yes,Nkhono,Owner,,Small shops and markets,,,Please enter amount as a number,1,Please enter amount as a number,1,Please enter amount as a number in MWK,15000
True,R_33CPuSTsnkmcKBb,Yes,Glass waste ,,Self,,Somewhat satisfied,No,,,Yes (please indicate which recycled materials they use):,Make hustle bags from bail stripes(plastic strings),I would be willing to contribute my time,,,,,,,,,Every day,,Yes,Nkhono,Owner,,"Craftsman shops, e.g. carpenter, mechanic, blacksmith, mason, etc. (please specify):","Barbershop, groceries,  cloths shops ",,Please enter amount as a number,1,Please enter amount as a number,1,Prefer not to say / don't know,
True,R_2S1f598b8rIEEKO,Yes,Plastic waste,,Self,,Extremely satisfied,No,,,No,,I would be willing to pay a fee,Fixed fee per month,,1500,,,,,,Bi-weekly /twice a week,,Yes,Katukumala,Owner,,Small shops and markets,,,Please enter amount as a number,1,Please enter amount as a number,2,Please enter amount as a number in MWK,90000
True,R_5tASpsBCuPCrJK1,Yes,Other (please specify):,Electronic materials ,Self,,Extremely satisfied,No,,,No,,I would be willing to contribute my time,,,,,,,,,Bi-weekly /twice a week,,Yes,Nkhono,Owner,,ICT centers,,,Please enter amount as a number,2,Please enter amount as a number,2,Please enter amount as a number in MWK,4500
True,R_VJNySAX9j25cB8d,Yes,Plastic waste,,Self,,Extremely dissatisfied,Yes,Please indicate the amount in MWK:,1000,No,,I would be willing to contribute my time,,,,,,,,,Bi-weekly /twice a week,,Yes,Muonda,Owner,,Electronic repair centers,,,Please enter amount as a number,1,Please enter amount as a number,2,Please enter amount as a number in MWK,9000
True,R_1CpiNLU5iZ9FJD2,Yes,Plastic waste,,Self,,Somewhat dissatisfied,No,,,No,,I would be willing to contribute my time,,,,,,,,,Bi-weekly /twice a week,,Yes,Muonda,Other (please specify):,Son of the owner,Small shops and markets,,,Please enter amount as a number,1,Please enter amount as a number,3,Please enter amount as a number in MWK,40000
True,R_3DpB2KUiIPkYMpj,Yes,Plastic waste,,Self,,Extremely dissatisfied,No,,,No,,I would be willing to contribute my time,,,,,,,,,Every day,,Yes,Muonda,Owner,,Crafts and souvenirs,,,Please enter amount as a number,1,Please enter amount as a number,2,Please enter amount as a number in MWK,17000
True,R_syQFscC8l0XGfM5,Yes,Plastic waste,,Self,,Extremely dissatisfied,No,,,No,,I would be willing to contribute my time,,,,,,,,,Every day,,Yes,Muonda,Owner,,Electronic repair centers,,,Please enter amount as a number,1,Please enter amount as a number,2,Please enter amount as a number in MWK,70000
True,R_w5hhk4DQDXBdSmd,Yes,Plastic waste,,Self,,Extremely dissatisfied,No,,,No,,I would be willing to contribute my time,,,,,,,,,Bi-weekly /twice a week,,Yes,Muonda,Owner,,Small shops and markets,,,Please enter amount as a number,1,Please enter amount as a number,2,Please enter amount as a number in MWK,30000
True,R_e8QMlfNUc1QaKsN,Yes,Glass waste ,,Self,,Extremely satisfied,No,,,No,,I would be willing to pay a fee,Fixed fee per week ,500,,,,,,,Once a week,,Yes,Katukumala,Owner,,Small shops and markets,,,Please enter amount as a number,1,Please enter amount as a number,1,Please enter amount as a number in MWK,40000
True,R_R4E0lVP027M8tUt,Yes,Plastic waste,,Self,,Somewhat dissatisfied,No,,,No,,I would be willing to contribute my time,,,,,,,,,Bi-weekly /twice a week,,Yes,Nkhono,Owner,,"Craftsman shops, e.g. carpenter, mechanic, blacksmith, mason, etc. (please specify):",Sells Cooking floor ,,Please enter amount as a number,1,Please enter amount as a number,1,Please enter amount as a number in MWK,10000
True,R_1ruAKu8hLnTft6s,Yes,Plastic waste,,Self,,Somewhat satisfied,No,,,No,,I would be willing to contribute my time,,,,,,,,,Every day,,Yes,Madothi,Owner,,Small shops and markets,,,Please enter amount as a number,1,Please enter amount as a number,1,Please enter amount as a number in MWK,2000
True,R_1Lzafs1Ao2m4ZHz,Yes,Other (please specify):,Mesh fibre,Self,,Extremely satisfied,No,,,No,,I would be willing to pay a fee,Fixed fee per week ,200,,,,,,,Every day,,Yes,Katukumala,Owner,,Other (please specify):,,Hair salon ,Please enter amount as a number,1,Please enter amount as a number,2,Please enter amount as a number in MWK,10000
True,R_yjZ9bmnN0hhVg6B,Yes,Plastic waste,,Self,,Somewhat satisfied,No,,,Yes (please indicate which recycled materials they use):,Empty bottles ,I do not want do engage in solid waste management,,,,,,,,,Bi-weekly /twice a week,,Yes,Madothi,Owner,,Small shops and markets,,,Please enter amount as a number,2,Please enter amount as a number,3,Please enter amount as a number in MWK,30000
True,R_28MryOZ8kBVns0V,Yes,Plastic waste,,Self,,Extremely dissatisfied,No,,,No,,I would be willing to contribute my time,,,,,,,,,Every day,,Yes,Nkhono,Owner,,Small shops and markets,,,Please enter amount as a number,3,Please enter amount as a number,1,Please enter amount as a number in MWK,20000
True,R_2qdzC3u5E1e25FX,Yes,Plastic waste,,Self,,Somewhat dissatisfied,No,,,No,,I would be willing to contribute my time,,,,,,,,,Once a week,,Yes,Muonda,Owner,,Fishing and fish sales,,,Please enter amount as a number,1,Please enter amount as a number,1,Please enter amount as a number in MWK,3000
True,R_7Va6mcKfUUsv5pn,Yes,Plastic waste,,Self,,Extremely satisfied,No,,,No,,I would be willing to pay a fee,Fixed fee per month,,1000,,,,,,Every day,,No ,Katukumala,Owner,,Small shops and markets,,,Please enter amount as a number,1,Please enter amount as a number,3,Please enter amount as a number in MWK,70000
True,R_3CAW4uwsgrZOsvn,Yes,Plastic waste,,Self,,Somewhat dissatisfied,No,,,No,,I would be willing to contribute my time,,,,,,,,,Every day,,Yes,Nkhono,Owner,,Restaurants and food stalls,,,Please enter amount as a number,2,Please enter amount as a number,1,Please enter amount as a number in MWK,40000
True,R_3LXBDiK1mMLbO7F,Yes,Metal waste,,Self,,Extremely satisfied,No,,,No,,I do not want do engage in solid waste management,,,,,,,,,Once a week,,Yes,Katukumala,Owner,,Other (please specify):,,Bicycle repair,Please enter amount as a number,1,Please enter amount as a number,5,Please enter amount as a number in MWK,10000
True,R_3fN1QLwp8hZowU6,Yes,Plastic waste,,Self,,Somewhat dissatisfied,No,,,No,,I would be willing to contribute my time,,,,,,,,,Other (please specify):,3times a week,Yes,Chembe,Owner,,Small shops and markets,,,Please enter amount as a number,1,Please enter amount as a number,2,Please enter amount as a number in MWK,20000
True,R_2WI2mdQg5bK6r1X,Yes,Plastic waste,,Self,,Extremely satisfied,No,,,Yes (please indicate which recycled materials they use):,Carton. Plastic buckets ,I would be willing to contribute my time,,,,,,,,,Every day,,Yes,Nkhono,Owner,,Small shops and markets,,,Please enter amount as a number,1,Please enter amount as a number,1,Prefer not to say / don't know,
True,R_2bZ9Hoj28HlKUoZ,Yes,Plastic waste,,Another employee,,Extremely satisfied,No,,,No,,Prefer not to say / don't know,,,,,,,,,Once a week,,Yes,Muonda,Employee,,Other (please specify):,,Hair salon ,Please enter amount as a number,1,Please enter amount as a number,2,Please enter amount as a number in MWK,20000
True,R_2v5GFwL73vdLrxy,Yes,Plastic waste,,Self,,Extremely dissatisfied,No,,,No,,I would be willing to contribute my time,,,,,,,,,Once a week,,Yes,Muonda,Owner,,ICT centers,,,Please enter amount as a number,1,Please enter amount as a number,2,Please enter amount as a number in MWK,20000
True,R_0P5TUj43LpFWu8V,Yes,Plastic waste,,Self,,Extremely dissatisfied,No,,,No,,I would be willing to contribute my time,,,,,,,,,Bi-weekly /twice a week,,Yes,Muonda,Owner,,Small shops and markets,,,Please enter amount as a number,3,Please enter amount as a number,4,Please enter amount as a number in MWK,40000
True,R_3KvWBiQKiiHE2Zw,Yes,Plastic waste,,Another employee,,Extremely dissatisfied,No,,,No,,I would be willing to contribute my time,,,,,,,,,Once a week,,Yes,Muonda,Owner,,Small shops and markets,,,Please enter amount as a number,1,Please enter amount as a number,3,Please enter amount as a number in MWK,20000
True,R_8jKyHyU2WsZDw9X,Yes,Food waste ,,Self,,Somewhat satisfied,No,,,No,,I would be willing to contribute my time,,,,,,,,,Bi-weekly /twice a week,,Yes,Madothi,Owner,,Small shops and markets,,,Please enter amount as a number,4,Please enter amount as a number,1,Please enter amount as a number in MWK,18000
True,R_2cwmU4HYyH4fKEc,Yes,Other (please specify):,Cloth cuttings ,Self,,Extremely satisfied,No,,,No,,I would be willing to contribute my time,,,,,,,,,Bi-weekly /twice a week,,Yes,Muonda,Owner,,Other (please specify):,,Tailoring shop ,Please enter amount as a number,1,Please enter amount as a number,1,Please enter amount as a number in MWK,40000
True,R_3oYHb7RyK9dqj0A,Yes,Plastic waste,,Self,,Extremely dissatisfied,No,,,No,,I would be willing to contribute my time,,,,,,,,,Every day,,Yes,Muonda,Owner,,Other (please specify):,,Saloon,Please enter amount as a number,1,Please enter amount as a number,2,Please enter amount as a number in MWK,40000
True,R_22GnmiYfzhj3giK,Yes,Plastic waste,,Self,,Somewhat dissatisfied,No,,,No,,I would be willing to contribute my time,,,,,,,,,Bi-weekly /twice a week,,Yes,Chembe,Owner,,Fishing and fish sales,,,Please enter amount as a number,1,Please enter amount as a number,1,Please enter amount as a number in MWK,2000
True,R_26nnNwCxUNf0Wo2,Yes,Plastic waste,,Another employee,,Extremely dissatisfied,No,,,No,,I would be willing to contribute my time,,,,,,,,,Bi-weekly /twice a week,,Yes,Nkhono,Employee,,Restaurants and food stalls,,,Please enter amount as a number,1,Please enter amount as a number,1,Please enter amount as a number in MWK,80000
True,R_2eWtwGu9LnPWaVH,Yes,Plastic waste,,Self,,Extremely satisfied,No,,,No,,I would be willing to pay a fee,Fixed fee per week ,500,,,,,,,Every day,,Yes,Muonda,Owner,,Small shops and markets,,,Please enter amount as a number,1,Please enter amount as a number,3,Please enter amount as a number in MWK,60000
True,R_2aS0djogBwp30iM,Yes,Paper and Cardboard waste,,Other (please specify):,Students ,Somewhat satisfied,No,,,No,,I would be willing to contribute my time,,,,,,,,,Bi-weekly /twice a week,,Yes,Madothi,Employee,,Education ,,,Please enter amount as a number,6,Please enter amount as a number,13,Prefer not to say / don't know,
True,R_2ATNQg3UpnVxy3y,Yes,Plastic waste,,Self,,Somewhat dissatisfied,No,,,No,,I would be willing to contribute my time,,,,,,,,,Bi-weekly /twice a week,,No ,Nkhono,Prefer not to say / don't know,,Prefer not to say / don't know,,,Prefer not to say / don't know,,Prefer not to say / don't know,,Prefer not to say / don't know,
True,R_28MRwd6hnHia5dM,Yes,Food waste ,,Self,,Somewhat satisfied,No,,,Yes (please indicate which recycled materials they use):,Empty bottles ,I would be willing to contribute my time,,,,,,,,,Once a week,,Yes,Madothi,Employee,,Restaurants and food stalls,,,Please enter amount as a number,3,Please enter amount as a number,5,Please enter amount as a number in MWK,30000
True,R_NXBqOYPfPWsx9zH,Yes,Food waste ,,Self,,Somewhat dissatisfied,No,,,No,,I would be willing to contribute my time,,,,,,,,,Once a week,,No ,Nkhono,Owner,,Restaurants and food stalls,,,Please enter amount as a number,3,Please enter amount as a number,3,Please enter amount as a number in MWK,15000
True,R_2S2lMqFbhhfhC1Q,Yes,Food waste ,,Self,,Somewhat dissatisfied,No,,,No,,I would be willing to contribute my time,,,,,,,,,Every day,,Yes,Nkhono,Owner,,Small shops and markets,,,Please enter amount as a number,2,Please enter amount as a number,1,Please enter amount as a number in MWK,15000
True,R_2scfYsdrSpnVFVF,Yes,Food waste ,,Another employee,,Somewhat satisfied,No,,,Yes (please indicate which recycled materials they use):,Empty bottles. Bottle tops,I would be willing to contribute my time,,,,,,,,,Every day,,Yes,Nkhono,Employee,,Restaurants and food stalls,,,Please enter amount as a number,5,Please enter amount as a number,9,Please enter amount as a number in MWK,400000
True,R_30jUyy7PznDc5mG,Yes,Paper and Cardboard waste,,Self,,Extremely satisfied,No,,,No,,I would be willing to pay a fee,Fixed fee per week ,300,,,,,,,Every day,,Yes,Muonda,Owner,,ICT centers,,,Please enter amount as a number,1,Please enter amount as a number,3,Please enter amount as a number in MWK,10000
True,R_3OiQs9Rgfzv5frZ,Yes,Plastic waste,,Self,,Extremely dissatisfied,No,,,No,,I would be willing to contribute my time,,,,,,,,,Every day,,Yes,Muonda,Owner,,Barber shops,,,Please enter amount as a number,1,Please enter amount as a number,1,Please enter amount as a number in MWK,2000
True,R_2zCINKnaAwk1IM6,Yes,Other (please specify):,Wood ,Self,,Extremely satisfied,No,,,No,,I would be willing to contribute my time,,,,,,,,,Bi-weekly /twice a week,,Yes,Madothi,Owner,,Lodging and tourism ,,,Please enter amount as a number,1,Please enter amount as a number,1,Please enter amount as a number in MWK,200000
True,R_10YQFQ07uAIBT2T,Yes,Plastic waste,,Self,,Extremely dissatisfied,No,,,No,,I would be willing to contribute my time,,,,,,,,,Once a week,,Yes,Kafukuta,Owner,,Small shops and markets,,,Please enter amount as a number,1,Please enter amount as a number,2,Please enter amount as a number in MWK,20000
True,R_10HpdlBHm1Puru0,Yes,Don't know,,Self,,Extremely satisfied,No,,,No,,I would be willing to contribute my time,,,,,,,,,Every day,,No ,Muonda,Owner,,Barber shops,,,Please enter amount as a number,1,Please enter amount as a number,2,Please enter amount as a number in MWK,3000
True,R_XN6iPZUaivDUHiF,Yes,Paper and Cardboard waste,,Self,,Extremely satisfied,No,,,No,,I would be willing to pay a fee,Fixed fee per month,,2000,,,,,,Bi-weekly /twice a week,,No ,Muonda,Owner,,Small shops and markets,,,Please enter amount as a number,1,Please enter amount as a number,3,Please enter amount as a number in MWK,50000
True,R_3R7LsqHl1YCIYle,Yes,Plastic waste,,Another employee,,Extremely dissatisfied,No,,,No,,I would be willing to contribute my time,,,,,,,,,Once a week,,Yes,Kafukuta,Owner,,Small shops and markets,,,Please enter amount as a number,1,Please enter amount as a number,3,Please enter amount as a number in MWK,15000
True,R_1ELUr3UdQ2GQVKV,Yes,Paper and Cardboard waste,,Self,,Somewhat dissatisfied,No,,,No,,I would be willing to contribute my time,,,,,,,,,Every day,,Yes,Nkhono,Owner,,Restaurants and food stalls,,,Please enter amount as a number,1,Please enter amount as a number,1,Prefer not to say / don't know,
True,R_3r1hA24tJwfy3lT,Yes,Plastic waste,,Self,,Extremely satisfied,No,,,No,,I would be willing to contribute my time,,,,,,,,,Every day,,Yes,Muonda,Owner,,Small shops and markets,,,Please enter amount as a number,1,Please enter amount as a number,2,Please enter amount as a number in MWK,10000
True,R_1IYJaLHZ5mm2pI9,Yes,Other (please specify):,Textile ,Self,,Somewhat satisfied,No,,,Yes (please indicate which recycled materials they use):,Empty bottles. Textile. Wires,I would be willing to contribute my time,,,,,,,,,Every day,,Yes,Madothi,Owner,,Crafts and souvenirs,,,Please enter amount as a number,1,Please enter amount as a number,2,Please enter amount as a number in MWK,30000
True,R_3rSxIz3MzeU1nnn,Yes,Glass waste ,,Another employee,,Somewhat dissatisfied,No,,,Yes (please indicate which recycled materials they use):,Cret,I would be willing to contribute my time,,,,,,,,,Every day,,Prefer not to say / don't know,Nkhono,Employee,,"Craftsman shops, e.g. carpenter, mechanic, blacksmith, mason, etc. (please specify):",Bar,,Please enter amount as a number,5,Please enter amount as a number,2,Please enter amount as a number in MWK,20000
True,R_2BzXlrKGqoWtHAI,Yes,Other (please specify):,Cloth cuttings ,Self,,Extremely satisfied,No,,,No,,I would be willing to pay a fee,Fixed fee per week ,200,,,,,,,Bi-weekly /twice a week,,No ,Muonda,Owner,,Other (please specify):,,Tailoring shop ,Please enter amount as a number,1,Please enter amount as a number,3,Please enter amount as a number in MWK,15000
True,R_3oNOsttGWAUAEIo,Yes,Glass waste ,,Self,,Somewhat dissatisfied,No,,,No,,I would be willing to contribute my time,,,,,,,,,Once a week,,Yes,Kafukuta,Employee,,Other (please specify):,,Liquor shop,Please enter amount as a number,1,Please enter amount as a number,3,Please enter amount as a number in MWK,25000
True,R_10I9UcKaGOoCVgW,Yes,Food waste ,,Self,,Somewhat satisfied,No,,,No,,I would be willing to contribute my time,,,,,,,,,Every day,,Yes,Muonda,Owner,,Restaurants and food stalls,,,Please enter amount as a number,3,Please enter amount as a number,6,Please enter amount as a number in MWK,50000
True,R_28A0k2aYtwnhxA9,Yes,Plastic waste,,Self,,Somewhat satisfied,No,,,No,,I would be willing to pay a fee,Fixed fee per month,,3000,,,,,,Bi-weekly /twice a week,,Yes,Muonda,Owner,,Electronic repair centers,,,Please enter amount as a number,1,Please enter amount as a number,2,Please enter amount as a number in MWK,30000
True,R_UK03WWITkyh3zvX,Yes,Other (please specify):,Cloth cuttings ,Self,,Somewhat satisfied,No,,,No,,I would be willing to pay a fee,Fixed fee per month,,1000,,,,,,Other (please specify):,Once a month ,Yes,Muonda,Owner,,Other (please specify):,,Tailoring shop ,Please enter amount as a number,1,Please enter amount as a number,2,Please enter amount as a number in MWK,40000
True,R_1jk6VP2kitpxEAN,Yes,Food waste ,,Self,,Somewhat satisfied,No,,,No,,I do not want do engage in solid waste management,,,,,,,,,Prefer not to say / don't know,,No ,Nkhono,Owner,,Small shops and markets,,,Please enter amount as a number,3,Please enter amount as a number,2,Prefer not to say / don't know,
True,R_1K2VQ4NVJN07NES,Yes,Plastic waste,,Self,,Extremely dissatisfied,No,,,No,,I would be willing to contribute my time,,,,,,,,,Bi-weekly /twice a week,,Yes,Kafukuta,Owner,,Small shops and markets,,,Please enter amount as a number,1,Please enter amount as a number,2,Please enter amount as a number in MWK,12000
True,R_1mIb9rFF8t3FC0t,Yes,Metal waste,,Self,,Somewhat satisfied,No,,,No,,I would be willing to pay a fee,Fixed fee per month,,1000,,,,,,Every day,,Yes,Muonda,Owner,,Other (please specify):,,Mechanical engineering ,Please enter amount as a number,1,Please enter amount as a number,4,Please enter amount as a number in MWK,70000
True,R_3Gey3HnrRxuUcVH,Yes,Food waste ,,Self,,Extremely satisfied,No,,,No,,I would be willing to contribute my time,,,,,,,,,Bi-weekly /twice a week,,Yes,Muonda,Owner,,Restaurants and food stalls,,,Please enter amount as a number,1,Please enter amount as a number,4,Please enter amount as a number in MWK,20000
True,R_3PpMCuKw6C8hRJ3,Yes,Plastic waste,,Self,,Somewhat dissatisfied,No,,,No,,I would be willing to contribute my time,,,,,,,,,Once a week,,Yes,Kafukuta,Owner,,Small shops and markets,,,Please enter amount as a number,1,Please enter amount as a number,1,Please enter amount as a number in MWK,10000
True,R_3Pcnm0KgaSaqEtT,Yes,Food waste ,,Self,,Somewhat satisfied,No,,,No,,I do not want do engage in solid waste management,,,,,,,,,Prefer not to say / don't know,,Yes,Nkhono,Owner,,Small shops and markets,,,Please enter amount as a number,1,Please enter amount as a number,1,Prefer not to say / don't know,
True,R_1pyVN3rgUVOHTB3,Yes,Plastic waste,,Self,,Extremely satisfied,No,,,No,,I would be willing to contribute my time,,,,,,,,,Every day,,Yes,Muonda,Owner,,Small shops and markets,,,Please enter amount as a number,2,Please enter amount as a number,2,Please enter amount as a number in MWK,80000
True,R_VWGPuW9gbQPTK8x,Yes,Don't know,,Self,,Extremely satisfied,No,,,No,,I would be willing to contribute my time,,,,,,,,,Bi-weekly /twice a week,,Yes,Muonda,Employee,,Fish processing and preservations,,,Please enter amount as a number,1,Please enter amount as a number,1,Please enter amount as a number in MWK,10000
True,R_1ilfOON2T7iNjaZ,Yes,Plastic waste,,Self,,Somewhat satisfied,No,,,No,,I would be willing to contribute my time,,,,,,,,,Every day,,Yes,Nkhono,Owner,,Small shops and markets,,,Please enter amount as a number,2,Please enter amount as a number,2,Please enter amount as a number in MWK,7000
True,R_1rNDxePVFJgJmyF,Yes,Plastic waste,,Self,,Extremely satisfied,No,,,No,,I would be willing to contribute my time,,,,,,,,,Once a week,,Yes,Chembe,Owner,,Small shops and markets,,,Please enter amount as a number,1,Please enter amount as a number,2,Please enter amount as a number in MWK,30000
True,R_2xCTAlQBIwRIxUY,Yes,Food waste ,,Another employee,,Extremely satisfied,No,,,No,,I would be willing to contribute my time,,,,,,,,,Every day,,Yes,Muonda,Owner,,Other (please specify):,,Selling mangoes ,Please enter amount as a number,1,Please enter amount as a number,1,Please enter amount as a number in MWK,6000
True,R_p42bqC6h1hTQqQh,Yes,Food waste ,,Self,,Extremely satisfied,No,,,No,,I would be willing to contribute my time,,,,,,,,,Once a week,,Yes,Muonda,Owner,,Crafts and souvenirs,,,Please enter amount as a number,1,Please enter amount as a number,4,Please enter amount as a number in MWK,15000
True,R_1kTtLAWnHPxi1s7,Yes,Food waste ,,Self,,Somewhat satisfied,No,,,No,,I would be willing to contribute my time,,,,,,,,,Once a week,,Yes,Muonda,Owner,,Restaurants and food stalls,,,Please enter amount as a number,1,Please enter amount as a number,1,Please enter amount as a number in MWK,15000
True,R_3oTmPNpv2sknTv7,Yes,Plastic waste,,Self,,Somewhat dissatisfied,No,,,No,,I would be willing to contribute my time,,,,,,,,,Bi-weekly /twice a week,,Yes,Kafukuta,Employee,,Small shops and markets,,,Please enter amount as a number,1,Please enter amount as a number,2,Please enter amount as a number in MWK,30000
True,R_2EclzILT5i4lav6,Yes,Food waste ,,Self,,Somewhat satisfied,No,,,No,,I would be willing to contribute my time,,,,,,,,,Once a week,,Yes,Madothi,Owner,,Small shops and markets,,,Please enter amount as a number,2,Please enter amount as a number,2,Prefer not to say / don't know,
True,R_Rz3pgaygCFkRwt3,Yes,Plastic waste,,Self,,Somewhat satisfied,No,,,No,,I would be willing to pay a fee,Fixed fee per week ,500,,,,,,,Once a week,,Yes,Chembe,Owner,,Small shops and markets,,,Please enter amount as a number,1,Please enter amount as a number,3,Please enter amount as a number in MWK,150000
True,R_ZJdDgS4u3ZDIzfz,Yes,Plastic waste,,Self,,Somewhat satisfied,No,,,No,,I would be willing to pay a fee,Fixed fee per month,,2000,,,,,,Every day,,Yes,Chembe,Owner,,Small shops and markets,,,Please enter amount as a number,1,Please enter amount as a number,3,Please enter amount as a number in MWK,70000
True,R_23eOGFfE3PJw2ne,Yes,Paper and Cardboard waste,,Cleaning lady,,Somewhat dissatisfied,No,,,No,,I would be willing to contribute my time,,,,,,,,,Once a week,,Yes,Kafukuta,Owner,,Education ,,,Please enter amount as a number,1,Please enter amount as a number,7,Prefer not to say / don't know,
True,R_1C2ttBdi4dkHEkN,Yes,Hygiene products,,Another employee,,Extremely satisfied,No,,,No,,I would be willing to pay a fee,Fixed fee per month,,2000,,,,,,Once a week,,Yes,Nkhono,Employee,,Health services ,,,Please enter amount as a number,5,Prefer not to say / don't know,,Prefer not to say / don't know,
True,R_1N55gHwP3nIPafj,Yes,Plastic waste,,Self,,Extremely dissatisfied,No,,,No,,I would be willing to contribute my time,,,,,,,,,Bi-weekly /twice a week,,Yes,Kafukuta,Owner,,Small shops and markets,,,Please enter amount as a number,1,Please enter amount as a number,2,Please enter amount as a number in MWK,5000
True,R_3KABv502ahEjOSM,Yes,Plastic waste,,Self,,Somewhat satisfied,No,,,No,,I would be willing to pay a fee,Fixed fee per month,,500,,,,,,Bi-weekly /twice a week,,Yes,Chembe,Owner,,Small shops and markets,,,Please enter amount as a number,1,Please enter amount as a number,2,Please enter amount as a number in MWK,30000
True,R_1gHGYJwBbx2m88w,Yes,Plastic waste,,Cleaning lady,,Somewhat satisfied,No,,,No,,I would be willing to pay a fee,Fixed fee per month,,1000,,,,,,Once a week,,Yes,Chembe,Owner,,Small shops and markets,,,Please enter amount as a number,1,Please enter amount as a number,3,Please enter amount as a number in MWK,50000
True,R_2uP0UhrC4Llzmf2,Yes,Food waste ,,Self,,Extremely satisfied,No,,,No,,I would be willing to contribute my time,,,,,,,,,Every day,,Yes,Muonda,Owner,,Small shops and markets,,,Please enter amount as a number,1,Please enter amount as a number,1,Please enter amount as a number in MWK,30000
True,R_3NCGh28NxZdd9jD,Yes,Plastic waste,,Self,,Neither satisfied nor dissatisfied,No,,,No,,I would be willing to contribute my time,,,,,,,,,Every day,,Yes,Muonda,Owner,,Small shops and markets,,,Please enter amount as a number,3,Please enter amount as a number,4,Please enter amount as a number in MWK,40000
True,R_1li27tXCwrbWINB,Yes,Plastic waste,,Self,,Somewhat dissatisfied,No,,,No,,I would be willing to contribute my time,,,,,,,,,Bi-weekly /twice a week,,Yes,Kafukuta,Owner,,Small shops and markets,,,Please enter amount as a number,1,Please enter amount as a number,2,Please enter amount as a number in MWK,20000
True,R_1CBX4n0hxu3FKn1,Yes,Food waste ,,Self,,Extremely satisfied,No,,,No,,I would be willing to contribute my time,,,,,,,,,Every day,,Yes,Chembe,Owner,,Small shops and markets,,,Please enter amount as a number,1,Please enter amount as a number,3,Please enter amount as a number in MWK,20000
True,R_1jxMiHOyjTfrjM5,Yes,Food waste ,,Self,,Extremely dissatisfied,No,,,No,,I would be willing to contribute the time of another empleyee,,,,,,,,,Once a week,,Yes,Muonda,Owner,,Restaurants and food stalls,,,Please enter amount as a number,3,Please enter amount as a number,7,Please enter amount as a number in MWK,60000
True,R_3sczv6gcHMlXy4N,Yes,Plastic waste,,Self,,Extremely satisfied,No,,,No,,I would be willing to contribute my time,,,,,,,,,Bi-weekly /twice a week,,Yes,Muonda,Owner,,Small shops and markets,,,Please enter amount as a number,1,Please enter amount as a number,2,Prefer not to say / don't know,
True,R_1LoGNEv3HNb9RmV,Yes,Food waste ,,Self,,Somewhat satisfied,No,,,No,,I would be willing to contribute my time,,,,,,,,,Bi-weekly /twice a week,,Yes,Muonda,Owner,,Small shops and markets,,,Please enter amount as a number,1,Please enter amount as a number,1,Please enter amount as a number in MWK,20000
True,R_7TFSl0AloCqb3qx,Yes,Glass waste ,,Self,,Extremely satisfied,No,,,No,,I would be willing to contribute my time,,,,,,,,,Once a week,,Yes,Chembe,Owner,,Small shops and markets,,,Please enter amount as a number,1,Please enter amount as a number,3,Please enter amount as a number in MWK,30000
True,R_RErntsbeZqUczMR,Yes,Plastic waste,,Self,,Extremely dissatisfied,No,,,No,,I would be willing to contribute my time,,,,,,,,,Once a week,,Yes,Kafukuta,Owner,,Small shops and markets,,,Please enter amount as a number,1,Please enter amount as a number,2,Please enter amount as a number in MWK,50000
True,R_W10NDujSy9ZoJGN,Yes,Don't know,,Self,,Extremely satisfied,No,,,No,,I would be willing to contribute my time,,,,,,,,,Bi-weekly /twice a week,,Yes,Muonda,Owner,,ICT centers,,,Please enter amount as a number,1,Please enter amount as a number,2,Please enter amount as a number in MWK,12000
True,R_Zad1joXNS5kQgCd,Yes,Plastic waste,,Self,,Extremely satisfied,No,,,No,,I would be willing to contribute my time,,,,,,,,,Every day,,Yes,Muonda,Owner,,Restaurants and food stalls,,,Please enter amount as a number,1,Please enter amount as a number,3,Please enter amount as a number in MWK,15000
True,R_1gjemZIDTnXVDVe,Yes,Plastic waste,,Self,,Extremely satisfied,No,,,No,,I would be willing to contribute my time,,,,,,,,,Every day,,Yes,Chembe,Owner,,Small shops and markets,,,Please enter amount as a number,1,Please enter amount as a number,2,Please enter amount as a number in MWK,30000
True,R_25Qux5kvIF0cQ60,Yes,Plastic waste,,Self,,Somewhat dissatisfied,No,,,No,,I do not want do engage in solid waste management,,,,,,,,,Bi-weekly /twice a week,,Yes,Muonda,Owner,,Small shops and markets,,,Please enter amount as a number,2,Please enter amount as a number,3,Please enter amount as a number in MWK,70000
True,R_03uMag1ss5EmznP,Yes,Food waste ,,Another employee,,Somewhat satisfied,Yes,Please indicate the amount in MWK:,6000,No,,I would be willing to contribute the time of another empleyee,,,,,,,,,Bi-weekly /twice a week,,Yes,Muonda,Owner,,Small shops and markets,,,Please enter amount as a number,1,Please enter amount as a number,1,Please enter amount as a number in MWK,30000
True,R_1iht4klvRhDeSCI,Yes,Food waste ,,Self,,Somewhat satisfied,No,,,Yes (please indicate which recycled materials they use):,Empty bottles ,I would be willing to contribute my time,,,,,,,,,Bi-weekly /twice a week,,Yes,Muonda,Owner,,Small shops and markets,,,Please enter amount as a number,1,Please enter amount as a number,3,Please enter amount as a number in MWK,10000
True,R_bQKkpqRaCdI7Xd7,Yes,Other (please specify):,Wood waste,Self,,Extremely satisfied,No,,,No,,I would be willing to contribute my time,,,,,,,,,Every day,,Yes,Chembe,Owner,,"Craftsman shops, e.g. carpenter, mechanic, blacksmith, mason, etc. (please specify):",Carpenter ,,Please enter amount as a number,1,Please enter amount as a number,2,Please enter amount as a number in MWK,4000
True,R_2P6B35khgj06Tuj,Yes,Other (please specify):,Wood waste,Self,,Somewhat dissatisfied,No,,,No,,I would be willing to contribute my time,,,,,,,,,Once a week,,Yes,Kafukuta,Other (please specify):,Son of the owner,"Craftsman shops, e.g. carpenter, mechanic, blacksmith, mason, etc. (please specify):",Carpenter,,Please enter amount as a number,1,Please enter amount as a number,4,Please enter amount as a number in MWK,60000
True,R_3qNDN7TNdBqctOy,Yes,Metal waste,,Self,,Extremely satisfied,No,,,No,,I would be willing to pay a fee,Fixed fee per month,,2000,,,,,,Bi-weekly /twice a week,,Yes,Chembe,Owner,,"Craftsman shops, e.g. carpenter, mechanic, blacksmith, mason, etc. (please specify):",Mechanic ,,Please enter amount as a number,1,Please enter amount as a number,3,Please enter amount as a number in MWK,70000
True,R_cSbWzytMM0Uc69r,Yes,Plastic waste,,Self,,Somewhat dissatisfied,No,,,No,,I would be willing to contribute my time,,,,,,,,,Once a week,,Yes,Kafukuta,Other (please specify):,Son of the owner,Small shops and markets,,,Please enter amount as a number,1,Please enter amount as a number,3,Please enter amount as a number in MWK,35000
True,R_2P6d8fqWhMosA9p,Yes,Plastic waste,,Self,,Somewhat satisfied,No,,,No,,I would be willing to contribute my time,,,,,,,,,Bi-weekly /twice a week,,Yes,Kafukuta,Owner,,Small shops and markets,,,Please enter amount as a number,1,Please enter amount as a number,3,Please enter amount as a number in MWK,40000
True,R_3Lb98JNdK3nuNfo,Yes,Plastic waste,,Self,,Extremely dissatisfied,No,,,No,,I would be willing to contribute my time,,,,,,,,,Once a week,,No ,Muonda,Owner,,Restaurants and food stalls,,,Please enter amount as a number,1,Please enter amount as a number,2,Please enter amount as a number in MWK,5000
True,R_31SnaaffBLqtMcB,Yes,Plastic waste,,Self,,Extremely satisfied,No,,,No,,I would be willing to contribute my time,,,,,,,,,Bi-weekly /twice a week,,No ,Muonda,Owner,,Restaurants and food stalls,,,Please enter amount as a number,1,Please enter amount as a number,2,Please enter amount as a number in MWK,8000
True,R_2TFrCDMt5dKd1c2,Yes,Paper and Cardboard waste,,Self,,Somewhat dissatisfied,No,,,No,,I would be willing to contribute my time,,,,,,,,,Every day,,No ,Nkhono,Owner,,ICT centers,,,Please enter amount as a number,1,Please enter amount as a number,1,Please enter amount as a number in MWK,50000
True,R_2f3VUwR50XYH1l5,Yes,Paper and Cardboard waste,,Self,,Somewhat dissatisfied,No,,,No,,I would be willing to contribute my time,,,,,,,,,Bi-weekly /twice a week,,Yes,Nkhono,Owner,,"Craftsman shops, e.g. carpenter, mechanic, blacksmith, mason, etc. (please specify):",Airtel money ,,Please enter amount as a number,1,Please enter amount as a number,2,Please enter amount as a number in MWK,70000
True,R_23WPI7x8c2GI8xd,Yes,Food waste ,,Self,,Extremely satisfied,No,,,No,,I would be willing to contribute my time,,,,,,,,,Every day,,Yes,Muonda,Owner,,Restaurants and food stalls,,,Please enter amount as a number,3,Please enter amount as a number,4,Please enter amount as a number in MWK,30000
True,R_123CaFnor3jfoTv,Yes,Plastic waste,,Self,,Somewhat dissatisfied,No,,,No,,I would be willing to contribute my time,,,,,,,,,Bi-weekly /twice a week,,Yes,Kafukuta,Owner,,Small shops and markets,,,Please enter amount as a number,1,Please enter amount as a number,2,Please enter amount as a number in MWK,30000
True,R_bd8K6ifqT82D1sd,Yes,Food waste ,,Self,,Somewhat satisfied,Yes,Please indicate the amount in MWK:,6000,Yes (please indicate which recycled materials they use):,Metals ,I would be willing to contribute my time,,,,,,,,,Every day,,Yes,Muonda,Owner,,Small shops and markets,,,Please enter amount as a number,1,Please enter amount as a number,4,Prefer not to say / don't know,
True,R_3JCsKFInvaIWg1E,Yes,Plastic waste,,Self,,Extremely satisfied,No,,,No,,I would be willing to contribute my time,,,,,,,,,Every day,,Yes,Chembe,Owner,,Small shops and markets,,,Please enter amount as a number,1,Please enter amount as a number,4,Please enter amount as a number in MWK,70000
True,R_3lrJ0DXR3GnnmNk,Yes,Other (please specify):,Wood ,Self,,Somewhat satisfied,No,,,Yes (please indicate which recycled materials they use):,Sacks,Prefer not to say / don't know,,,,,,,,,Bi-weekly /twice a week,,Yes,Muonda,Owner,,"Craftsman shops, e.g. carpenter, mechanic, blacksmith, mason, etc. (please specify):",Carpenter ,,Please enter amount as a number,1,Please enter amount as a number,3,Prefer not to say / don't know,
True,R_2v5O50nE4o80mY5,Yes,Plastic waste,,Self,,Extremely dissatisfied,No,,,No,,I would be willing to contribute my time,,,,,,,,,Bi-weekly /twice a week,,Yes,Nkhono,Owner,,Small shops and markets,,,Please enter amount as a number,1,Please enter amount as a number,1,Please enter amount as a number in MWK,20000
True,R_2SDNZOdQCZymT33,Yes,Plastic waste,,Another employee,,Somewhat dissatisfied,No,,,No,,I would be willing to contribute my time,,,,,,,,,Once a week,,Yes,Chembe,Owner,,Small shops and markets,,,Please enter amount as a number,1,Please enter amount as a number,1,Please enter amount as a number in MWK,15000
True,R_3qwB9Tot7ZpW1xA,Yes,Plastic waste,,Self,,Somewhat dissatisfied,No,,,No,,I would be willing to contribute my time,,,,,,,,,Once a week,,Yes,Nkhono,Owner,,Small shops and markets,,,Please enter amount as a number,1,Please enter amount as a number,1,Please enter amount as a number in MWK,5000
True,R_CemJXRiDVk4R2Q9,Yes,Plastic waste,,Self,,Extremely satisfied,No,,,No,,I would be willing to contribute my time,,,,,,,,,Bi-weekly /twice a week,,Yes,Chembe,Owner,,Small shops and markets,,,Please enter amount as a number,1,Please enter amount as a number,2,Prefer not to say / don't know,
True,R_a5zS2oHO6GFDvXz,Yes,Other (please specify):,Wood wastes and ashes,Self,,Somewhat dissatisfied,No,,,No,,I would be willing to contribute my time,,,,,,,,,Bi-weekly /twice a week,,Yes,Kafukuta,Other (please specify):,Daughter of the owner,Fishing and fish sales,,,Please enter amount as a number,3,Please enter amount as a number,4,Please enter amount as a number in MWK,100000
True,R_31a6VLZFdzjtWDV,Yes,Plastic waste,,Self,,Extremely satisfied,No,,,No,,I would be willing to pay a fee,Fixed fee per week ,1000,,,,,,,Every day,,Yes,Chembe,Owner,,Small shops and markets,,,Please enter amount as a number,1,Please enter amount as a number,2,Please enter amount as a number in MWK,50000
True,R_3GuGMrIlFg6ewWo,Yes,Hygiene products,,Cleaning lady,,Extremely satisfied,No,,,No,,I would be willing to pay a fee,Fixed fee per week ,1000,,,,,,,Bi-weekly /twice a week,,Yes,Muonda,Employee,,Health services ,,,Please enter amount as a number,1,Please enter amount as a number,2,Prefer not to say / don't know,
True,R_daie5XQr3rL0IZX,Yes,Other (please specify):,"Bedsheets, paints, ",Self,,Somewhat dissatisfied,No,,,No,,I would be willing to contribute my time,,,,,,,,,Bi-weekly /twice a week,,No ,Nkhono,Owner,,Crafts and souvenirs,,,Please enter amount as a number,1,Please enter amount as a number,5,Please enter amount as a number in MWK,30000
True,R_2ZKTvHLQpxQkAg3,Yes,Food waste ,,Self,,Somewhat satisfied,No,,,No,,I would be willing to contribute my time,,,,,,,,,Every day,,Yes,Nkhono,Owner,,Small shops and markets,,,Please enter amount as a number,1,Please enter amount as a number,1,Please enter amount as a number in MWK,15000
True,R_Yb2xu3z8VhztRu1,Yes,Plastic waste,,Self,,Extremely satisfied,No,,,No,,I would be willing to contribute my time,,,,,,,,,Every day,,Yes,Muonda,Owner,,Restaurants and food stalls,,,Please enter amount as a number,1,Please enter amount as a number,2,Please enter amount as a number in MWK,15000
True,R_ABusIjltqCrltrX,Yes,Plastic waste,,Self,,Somewhat satisfied,No,,,Yes (please indicate which recycled materials they use):,Empty bottles ,I do not want do engage in solid waste management,,,,,,,,,Bi-weekly /twice a week,,Yes,Muonda,Owner,,Small shops and markets,,,Please enter amount as a number,1,Please enter amount as a number,2,Please enter amount as a number in MWK,100000
True,R_2Yn7FNbO0UbH5qN,Yes,Food waste ,,Self,,Somewhat satisfied,No,,,No,,I would be willing to contribute my time,,,,,,,,,Every day,,Yes,Muonda,Owner,,Restaurants and food stalls,,,Please enter amount as a number,1,Please enter amount as a number,1,Please enter amount as a number in MWK,5000
True,R_2wcoliVjxpLvDPg,Yes,Plastic waste,,Cleaning lady,,Somewhat satisfied,No,,,Yes (please indicate which recycled materials they use):,Empty bottles ,I would be willing to contribute my time,,,,,,,,,Bi-weekly /twice a week,,Yes,Muonda,Employee,,Small shops and markets,,,Please enter amount as a number,1,Please enter amount as a number,2,Please enter amount as a number in MWK,30000
True,R_1yTMFnkePMqeIbT,Yes,Plastic waste,,Self,,Neither satisfied nor dissatisfied,No,,,No,,I would be willing to contribute my time,,,,,,,,,Bi-weekly /twice a week,,No ,Muonda,Employee,,Restaurants and food stalls,,,Please enter amount as a number,1,Please enter amount as a number,2,Please enter amount as a number in MWK,12000
True,R_3sFGwYlxTDWQB6p,Yes,Other (please specify):,Shaved hair ,Another employee,,Extremely satisfied,No,,,No,,I would be willing to pay a fee,Fixed fee per week ,500,,,,,,,Every day,,Prefer not to say / don't know,Muonda,Employee,,Barber shops,,,Please enter amount as a number,1,Please enter amount as a number,1,Please enter amount as a number in MWK,15000
True,R_3lJP3BSyXmZ6irI,Yes,Plastic waste,,Self,,Extremely satisfied,Yes,Please indicate the amount in MWK:,6000,Yes (please indicate which recycled materials they use):,Empty bottles ,I would be willing to pay a fee,Fixed fee per month,,2000,,,,,,Bi-weekly /twice a week,,Yes,Muonda,Owner,,Small shops and markets,,,Please enter amount as a number,1,Please enter amount as a number,1,Please enter amount as a number in MWK,60000
True,R_3LZ5VDZORy6vCHI,Yes,Plastic waste,,Self,,Extremely satisfied,No,,,No,,Prefer not to say / don't know,,,,,,,,,Bi-weekly /twice a week,,Yes,Muonda,Owner,,Small shops and markets,,,Please enter amount as a number,1,Please enter amount as a number,3,Please enter amount as a number in MWK,90000
True,R_3lMQr9hF7gSXLLZ,Yes,Food waste ,,Self,,Extremely satisfied,No,,,Prefer not to say / don't know,,Prefer not to say / don't know,,,,,,,,,Bi-weekly /twice a week,,Prefer not to say / don't know,Muonda,Employee,,Restaurants and food stalls,,,Please enter amount as a number,3,Please enter amount as a number,1,Please enter amount as a number in MWK,14200
True,R_12yvUEqmtUEqNru,Yes,Food waste ,,Another employee,,Somewhat dissatisfied,No,,,No,,I would be willing to contribute my time,,,,,,,,,Every day,,Yes,Chembe,Employee,,Fishing and fish sales,,,Please enter amount as a number,1,Please enter amount as a number,5,Please enter amount as a number in MWK,30000
True,R_3k1YCzzSu7BryAd,Yes,Plastic waste,,Self,,Somewhat satisfied,No,,,Yes (please indicate which recycled materials they use):,Empty bottles ,I would be willing to contribute my time,,,,,,,,,Bi-weekly /twice a week,,Yes,Muonda,Owner,,Small shops and markets,,,Please enter amount as a number,1,Please enter amount as a number,2,Please enter amount as a number in MWK,100000
True,R_4VqobyB0ZZxbQOZ,Yes,Plastic waste,,Self,,Extremely satisfied,No,,,No,,Prefer not to say / don't know,,,,,,,,,Once a week,,Prefer not to say / don't know,Muonda,Owner,,ICT centers,,,Please enter amount as a number,1,Please enter amount as a number,2,Please enter amount as a number in MWK,12000
True,R_31g7DTShUGn3l2u,Yes,Plastic waste,,Self,,Extremely dissatisfied,No,,,No,,I would be willing to contribute my time,,,,,,,,,Bi-weekly /twice a week,,Yes,Chembe,Owner,,Fishing and fish sales,,,Please enter amount as a number,1,Please enter amount as a number,3,Please enter amount as a number in MWK,50000
True,R_xt7ea8tVeXqha6J,Yes,Food waste ,,Another employee,,Neither satisfied nor dissatisfied,No,,,No,,I would be willing to contribute my time,,,,,,,,,Every day,,No ,Chembe,Employee,,Fishing and fish sales,,,Please enter amount as a number,2,Please enter amount as a number,1,Prefer not to say / don't know,
True,R_2wcUozdJrYGgPUw,Yes,Paper and Cardboard waste,,Self,,Somewhat satisfied,No,,,No,,I would be willing to contribute my time,,,,,,,,,Once a week,,Yes,Chembe,Owner,,Fishing and fish sales,,,Please enter amount as a number,1,Please enter amount as a number,2,Please enter amount as a number in MWK,35000
True,R_32WT1UmDnzFQ26F,Yes,Paper and Cardboard waste,,Self,,Somewhat dissatisfied,No,,,No,,I would be willing to contribute the time of another empleyee,,,,,,,,,Bi-weekly /twice a week,,No ,Chembe,Owner,,Fishing and fish sales,,,Please enter amount as a number,1,Please enter amount as a number,2,Prefer not to say / don't know,
True,R_tXQJbtkOGkNJA9r,Yes,Paper and Cardboard waste,,Self,,Somewhat satisfied,No,,,No,,I would be willing to contribute my time,,,,,,,,,Once a week,,Yes,Muonda,Employee,,Fishing and fish sales,,,Please enter amount as a number,1,Please enter amount as a number,4,Please enter amount as a number in MWK,100000
True,R_2BeAp4QnXaTs20f,Yes,Plastic waste,,Self,,Extremely dissatisfied,No,,,No,,I would be willing to contribute my time,,,,,,,,,Once a week,,Yes,Muonda,Employee,,Fishing and fish sales,,,Please enter amount as a number,1,Please enter amount as a number,5,Please enter amount as a number in MWK,35000
True,R_8xjx12RQr7mMX7z,Yes,Food waste ,,Another employee,,Somewhat dissatisfied,No,,,No,,I would be willing to contribute my time,,,,,,,,,Once a week,,No ,Chembe,Owner,,Fishing and fish sales,,,Please enter amount as a number,1,Please enter amount as a number,5,Please enter amount as a number in MWK,25000
True,R_2SGHo7AqcGH3UmH,Yes,Food waste ,,Self,,Somewhat satisfied,No,,,No,,I do not want do engage in solid waste management,,,,,,,,,Every day,,Prefer not to say / don't know,Muonda,Owner,,Small shops and markets,,,Please enter amount as a number,1,Please enter amount as a number,1,Prefer not to say / don't know,
True,R_1Cgzi5IKpg1zhpc,Yes,Plastic waste,,Another employee,,Somewhat dissatisfied,No,,,No,,I would be willing to contribute my time,,,,,,,,,Other (please specify):,3 times a week,Yes,Chembe,Owner,,Small shops and markets,,,Please enter amount as a number,1,Please enter amount as a number,2,Please enter amount as a number in MWK,15000
True,R_ZyqwLITIctJ2oJr,Yes,Plastic waste,,Self,,Extremely satisfied,No,,,No,,I would be willing to contribute my time,,,,,,,,,Bi-weekly /twice a week,,Yes,Muonda,Owner,,Restaurants and food stalls,,,Please enter amount as a number,1,Please enter amount as a number,1,Please enter amount as a number in MWK,30000
True,R_2R9a9K6zEbY7QyR,Yes,Food waste ,,Self,,Extremely satisfied,No,,,No,,I would be willing to contribute my time,,,,,,,,,Every day,,Yes,Muonda,Owner,,Restaurants and food stalls,,,Please enter amount as a number,2,Please enter amount as a number,4,Please enter amount as a number in MWK,70000
True,R_1KxzmOcPYbYZMQl,Yes,Paper and Cardboard waste,,Cleaning lady,,Somewhat dissatisfied,No,,,No,,I would be willing to contribute my time,,,,,,,,,Bi-weekly /twice a week,,No ,Chembe,Owner,,Fishing and fish sales,,,Please enter amount as a number,1,Please enter amount as a number,1,Please enter amount as a number in MWK,60000
True,R_xgT64yASxIlYGaZ,Yes,Paper and Cardboard waste,,Another employee,,Extremely satisfied,No,,,No,,I would be willing to contribute my time,,,,,,,,,Every day,,Yes,Muonda,Employee,,Other (please specify):,,Cinema show,Please enter amount as a number,1,Please enter amount as a number,3,Please enter amount as a number in MWK,8000
True,R_bw1sle3mcZJVjMJ,Yes,Food waste ,,Another employee,,Somewhat satisfied,No,,,No,,I would be willing to contribute my time,,,,,,,,,Bi-weekly /twice a week,,Yes,Muonda,Owner,,Small shops and markets,,,Please enter amount as a number,1,Please enter amount as a number,1,Please enter amount as a number in MWK,20000
True,R_PLKslmsK03n9vWN,Yes,Food waste ,,Self,,Somewhat satisfied,No,,,No,,I would be willing to contribute my time,,,,,,,,,Bi-weekly /twice a week,,Yes,Muonda,Owner,,Small shops and markets,,,Please enter amount as a number,1,Please enter amount as a number,2,Please enter amount as a number in MWK,30000
True,R_1gwGPyziTqKKg4j,Yes,Other (please specify):,Electronic waste ,Self,,Somewhat satisfied,No,,,Yes (please indicate which recycled materials they use):,Electronic ,I would be willing to contribute my time,,,,,,,,,Bi-weekly /twice a week,,No ,Muonda,Owner,,ICT centers,,,Please enter amount as a number,1,Please enter amount as a number,1,Please enter amount as a number in MWK,30000
True,R_1hG4BanQaRjWz5V,Yes,Food waste ,,Self,,Extremely satisfied,No,,,No,,I would be willing to contribute my time,,,,,,,,,Bi-weekly /twice a week,,Yes,Muonda,Owner,,Restaurants and food stalls,,,Please enter amount as a number,1,Please enter amount as a number,3,Please enter amount as a number in MWK,80000
True,R_2CqU49nQ7ZTcc9p,Yes,Food waste ,,Self,,Extremely satisfied,Yes,Please indicate the amount in MWK:,6000,No,,I would be willing to contribute my time,,,,,,,,,Bi-weekly /twice a week,,Prefer not to say / don't know,Muonda,Owner,,Small shops and markets,,,Please enter amount as a number,1,Please enter amount as a number,1,Please enter amount as a number in MWK,100000
True,R_1ooloohzLykhwZ4,Yes,Plastic waste,,Self,,Extremely satisfied,No,,,No,,I would be willing to contribute my time,,,,,,,,,Bi-weekly /twice a week,,Yes,Muonda,Owner,,Restaurants and food stalls,,,Please enter amount as a number,1,Please enter amount as a number,3,Please enter amount as a number in MWK,15000
True,R_2DP2ckKYSWuGsO0,Yes,Plastic waste,,Self,,Extremely satisfied,No,,,No,,I would be willing to contribute my time,,,,,,,,,Every day,,Prefer not to say / don't know,Chembe,Owner,,Small shops and markets,,,Please enter amount as a number,1,Please enter amount as a number,3,Please enter amount as a number in MWK,50000
True,R_1F51yZPlVNs1ZrI,Yes,Plastic waste,,Self,,Extremely satisfied,No,,,No,,I would be willing to contribute my time,,,,,,,,,Every day,,Yes,Muonda,Owner,,Fishing and fish sales,,,Please enter amount as a number,1,Please enter amount as a number,2,Please enter amount as a number in MWK,7000
True,R_2zImhhTfUiO1hn5,Yes,Plastic waste,,Self,,Extremely satisfied,No,,,Yes (please indicate which recycled materials they use):,Empty bottles ,I would be willing to pay a fee,Fixed fee per week ,500,,,,,,,Bi-weekly /twice a week,,Yes,Muonda,Owner,,Small shops and markets,,,Please enter amount as a number,1,Please enter amount as a number,2,Please enter amount as a number in MWK,20000
True,R_3iJUfsSMiWhcuAb,Yes,Plastic waste,,Self,,Extremely satisfied,No,,,No,,I would be willing to pay a fee,Fixed fee per month,,1000,,,,,,Every day,,Prefer not to say / don't know,Chembe,Owner,,Small shops and markets,,,Please enter amount as a number,1,Please enter amount as a number,2,Please enter amount as a number in MWK,90000
True,R_2eQeEcgZtEc4pXl,Yes,Plastic waste,,Self,,Extremely satisfied,No,,,No,,I would be willing to contribute my time,,,,,,,,,Bi-weekly /twice a week,,Yes,Muonda,Owner,,Small shops and markets,,,Please enter amount as a number,1,Please enter amount as a number,2,Please enter amount as a number in MWK,30000
True,R_UGuTdyJdGqPklR7,Yes,Food waste ,,Self,,Extremely satisfied,No,,,No,,I would be willing to contribute my time,,,,,,,,,Every day,,Yes,Muonda,Owner,,Restaurants and food stalls,,,Please enter amount as a number,1,Please enter amount as a number,5,Please enter amount as a number in MWK,50000
True,R_2qn73Let3U2FlXi,Yes,Plastic waste,,Self,,Neither satisfied nor dissatisfied,No,,,No,,I would be willing to contribute my time,,,,,,,,,Every day,,Yes,Muonda,Owner,,Small shops and markets,,,Please enter amount as a number,3,Please enter amount as a number,6,Please enter amount as a number in MWK,80000
True,R_3ha2Z6fhwynQ2tK,Yes,Plastic waste,,Self,,Extremely satisfied,No,,,Yes (please indicate which recycled materials they use):,Empty basket ,I would be willing to contribute my time,,,,,,,,,Bi-weekly /twice a week,,Yes,Muonda,Owner,,Small shops and markets,,,Please enter amount as a number,1,Please enter amount as a number,2,Please enter amount as a number in MWK,50000
True,R_2SkjCJA1XRL0ksE,Yes,Plastic waste,,Self,,Extremely satisfied,No,,,No,,I would be willing to pay a fee,Fixed fee per week ,250,,,,,,,Bi-weekly /twice a week,,Yes,Chembe,Owner,,Small shops and markets,,,Please enter amount as a number,1,Please enter amount as a number,2,Please enter amount as a number in MWK,10000
True,R_UuK0Z4OWGVxtCCJ,Yes,Other (please specify):,Electronic ,Self,,Extremely satisfied,No,,,No,,I would be willing to contribute my time,,,,,,,,,Bi-weekly /twice a week,,Prefer not to say / don't know,Muonda,Owner,,ICT centers,,,Please enter amount as a number,1,Please enter amount as a number,1,Please enter amount as a number in MWK,100000
True,R_3fjwAaVoccwQOdH,Yes,Don't know,,Self,,Extremely satisfied,No,,,No,,I would be willing to contribute my time,,,,,,,,,Bi-weekly /twice a week,,Yes,Muonda,Owner,,ICT centers,,,Please enter amount as a number,1,Please enter amount as a number,2,Please enter amount as a number in MWK,30000
True,R_3r1JTtfMGyh3c8l,Yes,Paper and Cardboard waste,,Another employee,,Somewhat dissatisfied,No,,,No,,I would be willing to contribute the time of another empleyee,,,,,,,,,Bi-weekly /twice a week,,Yes,Chembe,Owner,,Fishing and fish sales,,,Please enter amount as a number,1,Please enter amount as a number,3,Please enter amount as a number in MWK,70000
True,R_2wzTtc72JzoRKB7,Yes,Food waste ,,Self,,Extremely dissatisfied,No,,,No,,I would be willing to contribute my time,,,,,,,,,Every day,,Yes,Chembe,Owner,,Fishing and fish sales,,,Please enter amount as a number,1,Please enter amount as a number,1,Please enter amount as a number in MWK,12000
True,R_2OGzQl1dSeGIf8I,Yes,Paper and Cardboard waste,,Another employee,,Somewhat satisfied,No,,,No,,I would be willing to contribute my time,,,,,,,,,Once a week,,Yes,Muonda,Employee,,Fishing and fish sales,,,Please enter amount as a number,1,Please enter amount as a number,4,Please enter amount as a number in MWK,150000
True,R_3oMgvHrlubAizx7,Yes,Paper and Cardboard waste,,Self,,Somewhat satisfied,No,,,No,,I would be willing to contribute my time,,,,,,,,,Once a week,,Yes,Chembe,Owner,,Fishing and fish sales,,,Please enter amount as a number,1,Please enter amount as a number,3,Please enter amount as a number in MWK,100000
True,R_2VC6P07L6sklQTi,Yes,Food waste ,,Self,,Somewhat dissatisfied,No,,,No,,I would be willing to contribute my time,,,,,,,,,Bi-weekly /twice a week,,Yes,Chembe,Owner,,Fishing and fish sales,,,Please enter amount as a number,4,Please enter amount as a number,3,Please enter amount as a number in MWK,65000
True,R_OvftmKJ1szM7zxf,Yes,Paper and Cardboard waste,,Self,,Somewhat dissatisfied,No,,,No,,I would be willing to contribute my time,,,,,,,,,Bi-weekly /twice a week,,Yes,Kafukuta,Owner,,Fishing and fish sales,,,Please enter amount as a number,1,Please enter amount as a number,1,Please enter amount as a number in MWK,50000
True,R_28HZbT3GCpCzCPl,Yes,Paper and Cardboard waste,,Self,,Somewhat dissatisfied,No,,,No,,I would be willing to contribute my time,,,,,,,,,Bi-weekly /twice a week,,Yes,Kafukuta,Owner,,Fishing and fish sales,,,Please enter amount as a number,1,Please enter amount as a number,3,Please enter amount as a number in MWK,160000
True,R_UfI0pegvyyEiqCR,Yes,Paper and Cardboard waste,,Self,,Extremely dissatisfied,No,,,No,,I would be willing to contribute my time,,,,,,,,,Bi-weekly /twice a week,,Yes,Muonda,Owner,,Small shops and markets,,,Please enter amount as a number,1,Please enter amount as a number,2,Please enter amount as a number in MWK,8000
True,R_sAOIaeCyEWx1EJP,Yes,Food waste ,,Self,,Extremely satisfied,No,,,No,,I would be willing to contribute my time,,,,,,,,,Every day,,Prefer not to say / don't know,Muonda,Owner,,Restaurants and food stalls,,,Please enter amount as a number,1,Please enter amount as a number,4,Please enter amount as a number in MWK,50000
True,R_UyFos3ck1mBSYLf,Yes,Paper and Cardboard waste,,Self,,Somewhat satisfied,No,,,No,,Prefer not to say / don't know,,,,,,,,,Every day,,Yes,Muonda,Owner,,Other (please specify):,,Cinema show ,Please enter amount as a number,1,Please enter amount as a number,3,Please enter amount as a number in MWK,7000
True,R_YVR5qAY75k3h0aJ,Yes,Plastic waste,,Self,,Somewhat satisfied,No,,,No,,I would be willing to contribute my time,,,,,,,,,Bi-weekly /twice a week,,Yes,Muonda,Employee,,Small shops and markets,,,Please enter amount as a number,1,Please enter amount as a number,1,Please enter amount as a number in MWK,30000
True,R_1EXy0Cpy3sik2jj,Yes,Other (please specify):,Electronic waste ,Self,,Extremely satisfied,No,,,No,,I would be willing to contribute my time,,,,,,,,,Bi-weekly /twice a week,,No ,Muonda,Owner,,ICT centers,,,Please enter amount as a number,1,Please enter amount as a number,2,Please enter amount as a number in MWK,10000
True,R_2VrvvIzAp6BcuLr,Yes,Food waste ,,Self,,Somewhat satisfied,No,,,No,,I would be willing to contribute my time,,,,,,,,,Bi-weekly /twice a week,,Prefer not to say / don't know,Muonda,Employee,,Small shops and markets,,,Please enter amount as a number,1,Please enter amount as a number,2,Prefer not to say / don't know,
True,R_1pxuXLEH6hJ5xd1,Yes,Plastic waste,,Self,,Somewhat satisfied,No,,,Yes (please indicate which recycled materials they use):,Empty bottles ,I would be willing to contribute my time,,,,,,,,,Bi-weekly /twice a week,,Yes,Muonda,Owner,,Small shops and markets,,,Please enter amount as a number,1,Please enter amount as a number,2,Please enter amount as a number in MWK,300000
True,R_3ikdrsXVI7BF8e7,Yes,Paper and Cardboard waste,,Self,,Somewhat dissatisfied,No,,,No,,I would be willing to contribute my time,,,,,,,,,Every day,,Yes,Chembe,Owner,,Fishing and fish sales,,,Please enter amount as a number,1,Please enter amount as a number,3,Please enter amount as a number in MWK,13000
True,R_CglO8Rl5eFdqrpD,Yes,Paper and Cardboard waste,,Self,,Extremely satisfied,No,,,No,,I would be willing to contribute my time,,,,,,,,,Bi-weekly /twice a week,,Yes,Muonda,Employee,,Other (please specify):,,Cinema show ,Please enter amount as a number,1,Please enter amount as a number,3,Please enter amount as a number in MWK,5000
True,R_2uJ3UV6JFrPuo5L,Yes,Food waste ,,Self,,Somewhat dissatisfied,No,,,No,,I would be willing to contribute my time,,,,,,,,,Every day,,No ,Chembe,Owner,,Fishing and fish sales,,,Please enter amount as a number,1,Please enter amount as a number,3,Please enter amount as a number in MWK,20000
True,R_3ERqVV1c1ZUPI17,Yes,Plastic waste,,Self,,Somewhat satisfied,No,,,No,,I would be willing to contribute my time,,,,,,,,,Bi-weekly /twice a week,,Yes,Muonda,Owner,,Small shops and markets,,,Please enter amount as a number,1,Please enter amount as a number,2,Please enter amount as a number in MWK,20000
True,R_3M6vEwCKCAgpcHf,Yes,Food waste ,,Another employee,,Extremely satisfied,No,,,No,,I would be willing to contribute my time,,,,,,,,,Every day,,Yes,Muonda,Employee,,Restaurants and food stalls,,,Please enter amount as a number,3,Please enter amount as a number,5,Please enter amount as a number in MWK,60000
True,R_3gO8LBQM7zz69N3,Yes,Metal waste,,Self,,Somewhat dissatisfied,No,,,No,,I would be willing to contribute my time,,,,,,,,,Every day,,Yes,Chembe,Owner,,Small shops and markets,,,Please enter amount as a number,4,Please enter amount as a number,10,Please enter amount as a number in MWK,10000
True,R_pxTNp6y83dp72ZX,Yes,Food waste ,,Self,,Somewhat satisfied,No,,,No,,I would be willing to contribute my time,,,,,,,,,Every day,,Yes,Muonda,Manager,,Restaurants and food stalls,,,Please enter amount as a number,4,Please enter amount as a number,8,Please enter amount as a number in MWK,100000
True,R_3hnjrT2aTuE0oxj,Yes,Plastic waste,,Another employee,,Neither satisfied nor dissatisfied,No,,,No,,I would be willing to contribute my time,,,,,,,,,Bi-weekly /twice a week,,Yes,Muonda,Employee,,Small shops and markets,,,Please enter amount as a number,1,Please enter amount as a number,5,Please enter amount as a number in MWK,40000
True,R_2TvYvPM4SwMPQfr,Yes,Food waste ,,Self,,Extremely dissatisfied,No,,,No,,I would be willing to contribute my time,,,,,,,,,Bi-weekly /twice a week,,Yes,Muonda,Employee,,Fishing and fish sales,,,Please enter amount as a number,1,Please enter amount as a number,2,Please enter amount as a number in MWK,10000
True,R_2YS3BPfbNnByaDm,Yes,Hygiene products,,Cleaning lady,,Extremely dissatisfied,No,,,No,,I would be willing to contribute my time,,,,,,,,,Every day,,No ,Chembe,Owner,,Small shops and markets,,,Please enter amount as a number,1,Please enter amount as a number,1,Please enter amount as a number in MWK,10000
True,R_3F4YVV3BE37FCXy,Yes,Food waste ,,Cleaning lady,,Neither satisfied nor dissatisfied,No,,,Prefer not to say / don't know,,I would be willing to contribute my time,,,,,,,,,Bi-weekly /twice a week,,Yes,Muonda,Employee,,Restaurants and food stalls,,,Please enter amount as a number,4,Please enter amount as a number,12,Please enter amount as a number in MWK,100000
True,R_O84R6k0kRmOoycN,Yes,Plastic waste,,Self,,Somewhat dissatisfied,No,,,No,,I do not want do engage in solid waste management,,,,,,,,,Every day,,No ,Muonda,Owner,,Small shops and markets,,,Please enter amount as a number,2,Please enter amount as a number,4,Please enter amount as a number in MWK,80000
True,R_33fNowR2HGcZeNM,Yes,Food waste ,,Self,,Somewhat satisfied,No,,,No,,I would be willing to contribute my time,,,,,,,,,Every day,,Yes,Muonda,Employee,,Restaurants and food stalls,,,Please enter amount as a number,1,Please enter amount as a number,5,Please enter amount as a number in MWK,70000
True,R_1IMCocKGfbhOhrq,Yes,Food waste ,,Self,,Somewhat dissatisfied,No,,,No,,I would be willing to contribute my time,,,,,,,,,Every day,,Yes,Muonda,Owner,,Small shops and markets,,,Please enter amount as a number,1,Please enter amount as a number,1,Prefer not to say / don't know,
True,R_3j9DeacKJB91sCc,Yes,Other (please specify):,Shaved hair ,Self,,Extremely satisfied,No,,,No,,Prefer not to say / don't know,,,,,,,,,Once a week,,Prefer not to say / don't know,Muonda,Owner,,Barber shops,,,Please enter amount as a number,1,Please enter amount as a number,2,Please enter amount as a number in MWK,9000
True,R_2Xnt5jI52BHqQBk,Yes,Food waste ,,Self,,Extremely satisfied,No,,,No,,Prefer not to say / don't know,,,,,,,,,Every day,,Prefer not to say / don't know,Muonda,Owner,,Small shops and markets,,,Please enter amount as a number,1,Please enter amount as a number,1,Please enter amount as a number in MWK,10000
True,R_vi8ZXtOPB3CQIff,Yes,Plastic waste,,Self,,Somewhat dissatisfied,No,,,No,,I would be willing to contribute my time,,,,,,,,,Bi-weekly /twice a week,,Yes,Muonda,Owner,,Small shops and markets,,,Please enter amount as a number,1,Please enter amount as a number,2,Please enter amount as a number in MWK,30000
True,R_sGoeXUADvSeZzep,Yes,Plastic waste,,Self,,Extremely dissatisfied,No,,,No,,I would be willing to contribute my time,,,,,,,,,Bi-weekly /twice a week,,Yes,Chembe,Owner,,Small shops and markets,,,Please enter amount as a number,1,Please enter amount as a number,2,Please enter amount as a number in MWK,20000
True,R_33ljq5tMuQVcpJA,Yes,Food waste ,,Another employee,,Neither satisfied nor dissatisfied,No,,,No,,I would be willing to contribute my time,,,,,,,,,Bi-weekly /twice a week,,Yes,Muonda,Owner,,Restaurants and food stalls,,,Please enter amount as a number,1,Please enter amount as a number,6,Please enter amount as a number in MWK,100000
True,R_1rjgPOZuk3Nt911,Yes,Paper and Cardboard waste,,Self,,Somewhat satisfied,No,,,No,,I would be willing to contribute my time,,,,,,,,,Once a week,,Yes,Chembe,Owner,,Fishing and fish sales,,,Please enter amount as a number,1,Please enter amount as a number,3,Please enter amount as a number in MWK,150000
True,R_1MRtw9DmtPJelnK,Yes,Paper and Cardboard waste,,Another employee,,Somewhat dissatisfied,No,,,No,,Prefer not to say / don't know,,,,,,,,,Once a week,,Yes,Chembe,Owner,,Fishing and fish sales,,,Please enter amount as a number,1,Please enter amount as a number,3,Please enter amount as a number in MWK,80000
True,R_2B2qdKcr0YtfLUQ,Yes,Food waste ,,Self,,Extremely satisfied,No,,,No,,I do not want do engage in solid waste management,,,,,,,,,Every day,,Prefer not to say / don't know,Muonda,Owner,,Small shops and markets,,,Please enter amount as a number,1,Please enter amount as a number,3,Please enter amount as a number in MWK,15000
True,R_2Xmm22SWRdJ5oN0,Yes,Paper and Cardboard waste,,Self,,Somewhat dissatisfied,No,,,No,,I would be willing to contribute my time,,,,,,,,,Once a week,,Yes,Kafukuta,Owner,,Fishing and fish sales,,,Please enter amount as a number,1,Please enter amount as a number,1,Please enter amount as a number in MWK,30000
True,R_30oPjeUcvo9V9So,Yes,Plastic waste,,Self,,Somewhat dissatisfied,No,,,No,,I would be willing to contribute my time,,,,,,,,,Bi-weekly /twice a week,,Yes,Chembe,Owner,,Small shops and markets,,,Please enter amount as a number,1,Please enter amount as a number,2,Please enter amount as a number in MWK,20000
